UserId,FirstName,MiddleName,LastName,Email,JobCode,JobName,HireDate,Status,DateOfBirth,Gender,YearsofExperiences,ActiveDate,InactiveDate
bZoVo@rqimail.laerdalblr.in,NZmbJ,API,CWcVi,bZoVo@rqimail.laerdalblr.in,,aqZsz,,Active,,Female,16,,
ViXgH@rqimail.laerdalblr.in,Nirsw,API,ItEZV,ViXgH@rqimail.laerdalblr.in,,UlwtW,,Active,,Female,12,,
uUBFf@rqimail.laerdalblr.in,SLyEM,API,BooJD,uUBFf@rqimail.laerdalblr.in,,xoBcm,,Active,,Male,9,,
Fmcwe@rqimail.laerdalblr.in,TPcvY,API,nLnHU,Fmcwe@rqimail.laerdalblr.in,,ZBeul,,Active,,Female,10,,
azOiN@rqimail.laerdalblr.in,BuIJz,API,CeGQJ,azOiN@rqimail.laerdalblr.in,,riYbO,,Active,,Male,10,,
xpKne@rqimail.laerdalblr.in,zYBmD,API,Oizyl,xpKne@rqimail.laerdalblr.in,,Dlwpa,,Active,,Male,3,,
QkTqR@rqimail.laerdalblr.in,wKhor,API,yoLSS,QkTqR@rqimail.laerdalblr.in,,Vxpxf,,Active,,Male,10,,
euAoE@rqimail.laerdalblr.in,qUjzB,API,WlWpg,euAoE@rqimail.laerdalblr.in,,GrEoc,,Active,,Female,9,,
JGUak@rqimail.laerdalblr.in,NcRgj,API,ySUyc,JGUak@rqimail.laerdalblr.in,,IsZyO,,Active,,Male,5,,
ftAWD@rqimail.laerdalblr.in,Xzcid,API,kieHE,ftAWD@rqimail.laerdalblr.in,,kMHVi,,Active,,Male,4,,
rxQGc@rqimail.laerdalblr.in,UBteX,API,phAOE,rxQGc@rqimail.laerdalblr.in,,MZXSo,,Active,,Female,20,,
EHBJM@rqimail.laerdalblr.in,fBmKf,API,UGHpZ,EHBJM@rqimail.laerdalblr.in,,lVDUO,,Active,,Female,6,,
ttsbi@rqimail.laerdalblr.in,xwNaZ,API,PjHaj,ttsbi@rqimail.laerdalblr.in,,NXvAC,,Active,,Female,4,,
UoFRn@rqimail.laerdalblr.in,exeBX,API,qdsrc,UoFRn@rqimail.laerdalblr.in,,Zpewv,,Active,,Female,20,,
rQVgH@rqimail.laerdalblr.in,tWXlB,API,NUJFi,rQVgH@rqimail.laerdalblr.in,,AOPER,,Active,,Female,20,,
CnwbU@rqimail.laerdalblr.in,ojZNA,API,MJzqu,CnwbU@rqimail.laerdalblr.in,,EQWzn,,Active,,Male,10,,
FXRiX@rqimail.laerdalblr.in,xiaqD,API,dMjPj,FXRiX@rqimail.laerdalblr.in,,tdvcn,,Active,,Female,3,,
YBXJu@rqimail.laerdalblr.in,YaWAA,API,XSAEQ,YBXJu@rqimail.laerdalblr.in,,uClgg,,Active,,Male,6,,
hVEHb@rqimail.laerdalblr.in,yawGf,API,SyXBN,hVEHb@rqimail.laerdalblr.in,,qwSaa,,Active,,Male,16,,
PrMTr@rqimail.laerdalblr.in,lQVBI,API,Ecihs,PrMTr@rqimail.laerdalblr.in,,hxhas,,Active,,Female,10,,
aaXuL@rqimail.laerdalblr.in,DQfkB,API,oQocK,aaXuL@rqimail.laerdalblr.in,,bxQVE,,Active,,Female,3,,
tSENt@rqimail.laerdalblr.in,JAdMl,API,UZSrz,tSENt@rqimail.laerdalblr.in,,tFYCN,,Active,,Male,13,,
LPFAu@rqimail.laerdalblr.in,NHgxq,API,TvWCB,LPFAu@rqimail.laerdalblr.in,,kNWcm,,Active,,Female,4,,
wiFyc@rqimail.laerdalblr.in,CmuQb,API,pRWeL,wiFyc@rqimail.laerdalblr.in,,yifaQ,,Active,,Male,6,,
OuQRA@rqimail.laerdalblr.in,CKChD,API,FNrbp,OuQRA@rqimail.laerdalblr.in,,sfcaH,,Active,,Male,7,,
slcXT@rqimail.laerdalblr.in,OPFVC,API,cYMJG,slcXT@rqimail.laerdalblr.in,,rLUfr,,Active,,Female,8,,
UBKMb@rqimail.laerdalblr.in,RaLhI,API,swVDu,UBKMb@rqimail.laerdalblr.in,,NTdgs,,Active,,Female,14,,
FrNfI@rqimail.laerdalblr.in,ZxLpc,API,HJKtZ,FrNfI@rqimail.laerdalblr.in,,YNhoa,,Active,,Male,11,,
IYovp@rqimail.laerdalblr.in,GjMqs,API,cYKXB,IYovp@rqimail.laerdalblr.in,,tHAye,,Active,,Male,19,,
yXvEp@rqimail.laerdalblr.in,odrAR,API,uWrNn,yXvEp@rqimail.laerdalblr.in,,tGryz,,Active,,Female,17,,
chAxP@rqimail.laerdalblr.in,ysmFb,API,sViJW,chAxP@rqimail.laerdalblr.in,,dYVoA,,Active,,Male,10,,
Eoitp@rqimail.laerdalblr.in,tOspZ,API,Kptwy,Eoitp@rqimail.laerdalblr.in,,eqoJL,,Active,,Male,10,,
yrWFb@rqimail.laerdalblr.in,aCKYk,API,fNIis,yrWFb@rqimail.laerdalblr.in,,QcDcd,,Active,,Female,4,,
finld@rqimail.laerdalblr.in,ZTxdi,API,FioVN,finld@rqimail.laerdalblr.in,,NjpSd,,Active,,Male,16,,
AyAMQ@rqimail.laerdalblr.in,yYscG,API,HLniJ,AyAMQ@rqimail.laerdalblr.in,,zXTIX,,Active,,Male,20,,
LhXve@rqimail.laerdalblr.in,DyrLG,API,EzUJW,LhXve@rqimail.laerdalblr.in,,VNunV,,Active,,Male,9,,
OPsFp@rqimail.laerdalblr.in,MhBNT,API,gURVH,OPsFp@rqimail.laerdalblr.in,,TycMi,,Active,,Female,19,,
kVvYa@rqimail.laerdalblr.in,dfjri,API,KxPoA,kVvYa@rqimail.laerdalblr.in,,HYAqw,,Active,,Female,15,,
uPooV@rqimail.laerdalblr.in,ohtcg,API,zxwdA,uPooV@rqimail.laerdalblr.in,,ZKWnr,,Active,,Female,13,,
dZGpi@rqimail.laerdalblr.in,pHakZ,API,qpTKg,dZGpi@rqimail.laerdalblr.in,,yWKxl,,Active,,Male,2,,
SNuMV@rqimail.laerdalblr.in,AxyLF,API,BwFYy,SNuMV@rqimail.laerdalblr.in,,eWCTI,,Active,,Male,17,,
meEyD@rqimail.laerdalblr.in,HVvVZ,API,brSnP,meEyD@rqimail.laerdalblr.in,,AhZxE,,Active,,Male,12,,
FhHhw@rqimail.laerdalblr.in,jBmYL,API,FOfSq,FhHhw@rqimail.laerdalblr.in,,TCUHt,,Active,,Male,10,,
bNmPG@rqimail.laerdalblr.in,cdGNz,API,siPdd,bNmPG@rqimail.laerdalblr.in,,JbyDT,,Active,,Male,2,,
kYNpG@rqimail.laerdalblr.in,EBron,API,UIKOa,kYNpG@rqimail.laerdalblr.in,,gOWqj,,Active,,Female,20,,
hHghe@rqimail.laerdalblr.in,uQeqX,API,Pwgmp,hHghe@rqimail.laerdalblr.in,,nHGfo,,Active,,Male,14,,
aEzyM@rqimail.laerdalblr.in,RNada,API,UXTMz,aEzyM@rqimail.laerdalblr.in,,gxuUM,,Active,,Male,13,,
OqkQH@rqimail.laerdalblr.in,umOiH,API,WGGEf,OqkQH@rqimail.laerdalblr.in,,jFynJ,,Active,,Female,14,,
BFoDx@rqimail.laerdalblr.in,FWrWq,API,mCfOW,BFoDx@rqimail.laerdalblr.in,,DsyoE,,Active,,Female,5,,
kKUuy@rqimail.laerdalblr.in,iqvFW,API,YBgzK,kKUuy@rqimail.laerdalblr.in,,ybgLE,,Active,,Female,16,,
GTugw@rqimail.laerdalblr.in,NfOsf,API,ADZpr,GTugw@rqimail.laerdalblr.in,,SMMjp,,Active,,Female,16,,
MPlSJ@rqimail.laerdalblr.in,HZlVo,API,JvMiv,MPlSJ@rqimail.laerdalblr.in,,gWfhM,,Active,,Male,17,,
bvVGZ@rqimail.laerdalblr.in,ViQbl,API,aEgaf,bvVGZ@rqimail.laerdalblr.in,,gEPRP,,Active,,Male,13,,
FpkLz@rqimail.laerdalblr.in,PgksN,API,jaiQY,FpkLz@rqimail.laerdalblr.in,,hnXNq,,Active,,Male,15,,
yUFlK@rqimail.laerdalblr.in,DdlsM,API,XcjTT,yUFlK@rqimail.laerdalblr.in,,jZrZS,,Active,,Male,13,,
Mulem@rqimail.laerdalblr.in,nbvWY,API,mqVpB,Mulem@rqimail.laerdalblr.in,,oLSjF,,Active,,Female,8,,
kJMNh@rqimail.laerdalblr.in,wVdPR,API,ODAVL,kJMNh@rqimail.laerdalblr.in,,hONRx,,Active,,Male,19,,
DwROw@rqimail.laerdalblr.in,BZrpX,API,aAWai,DwROw@rqimail.laerdalblr.in,,FNFpF,,Active,,Male,3,,
CAqPk@rqimail.laerdalblr.in,kSyhA,API,WLOgD,CAqPk@rqimail.laerdalblr.in,,mKoCX,,Active,,Male,9,,
VEAZR@rqimail.laerdalblr.in,zjxSS,API,xhegb,VEAZR@rqimail.laerdalblr.in,,AynwI,,Active,,Male,8,,
NSPRw@rqimail.laerdalblr.in,fNzjP,API,aTDjw,NSPRw@rqimail.laerdalblr.in,,dUGNc,,Active,,Male,6,,
Edgyj@rqimail.laerdalblr.in,WujHS,API,QURQU,Edgyj@rqimail.laerdalblr.in,,zUZdy,,Active,,Male,3,,
VNTVi@rqimail.laerdalblr.in,oJutt,API,DHBfh,VNTVi@rqimail.laerdalblr.in,,zPiLd,,Active,,Male,16,,
DJVaL@rqimail.laerdalblr.in,BMHGx,API,uZsIw,DJVaL@rqimail.laerdalblr.in,,uIqTm,,Active,,Male,2,,
zYCIW@rqimail.laerdalblr.in,PHdlp,API,fCRjW,zYCIW@rqimail.laerdalblr.in,,yrIFP,,Active,,Male,14,,
gepnK@rqimail.laerdalblr.in,TGKKT,API,pyhfx,gepnK@rqimail.laerdalblr.in,,dTWZd,,Active,,Female,9,,
GxaWF@rqimail.laerdalblr.in,MuEam,API,VqoJL,GxaWF@rqimail.laerdalblr.in,,gIkrt,,Active,,Male,4,,
zHGjS@rqimail.laerdalblr.in,xZpeK,API,TsrEl,zHGjS@rqimail.laerdalblr.in,,zNJKG,,Active,,Male,20,,
xgTNt@rqimail.laerdalblr.in,TAhWk,API,ameDX,xgTNt@rqimail.laerdalblr.in,,rDfPM,,Active,,Male,14,,
iOWCI@rqimail.laerdalblr.in,nRQgU,API,LasAO,iOWCI@rqimail.laerdalblr.in,,XVdJU,,Active,,Female,4,,
iifxm@rqimail.laerdalblr.in,JstvY,API,WnBok,iifxm@rqimail.laerdalblr.in,,tEwvK,,Active,,Female,11,,
ioWWy@rqimail.laerdalblr.in,hzCXQ,API,jvzzh,ioWWy@rqimail.laerdalblr.in,,bfvlO,,Active,,Male,5,,
qyvtG@rqimail.laerdalblr.in,dyiQr,API,vrsSv,qyvtG@rqimail.laerdalblr.in,,BQqHj,,Active,,Male,18,,
DRUzj@rqimail.laerdalblr.in,sQOKD,API,KIFfF,DRUzj@rqimail.laerdalblr.in,,jKXJz,,Active,,Female,5,,
qqTVk@rqimail.laerdalblr.in,DzaDF,API,ooPDe,qqTVk@rqimail.laerdalblr.in,,thhBQ,,Active,,Male,5,,
fbWOZ@rqimail.laerdalblr.in,qDncP,API,mCMIa,fbWOZ@rqimail.laerdalblr.in,,zcvdD,,Active,,Male,6,,
WZnJT@rqimail.laerdalblr.in,jIeAX,API,bfQQR,WZnJT@rqimail.laerdalblr.in,,nuJNj,,Active,,Male,3,,
iSnId@rqimail.laerdalblr.in,cJQyQ,API,CPZNR,iSnId@rqimail.laerdalblr.in,,YVJmk,,Active,,Male,14,,
bPzmm@rqimail.laerdalblr.in,nSHAd,API,fWNXk,bPzmm@rqimail.laerdalblr.in,,CcKRG,,Active,,Male,3,,
Qrmop@rqimail.laerdalblr.in,yYxbG,API,MUylj,Qrmop@rqimail.laerdalblr.in,,RcEuv,,Active,,Female,5,,
DQiXD@rqimail.laerdalblr.in,AYfEQ,API,saoTo,DQiXD@rqimail.laerdalblr.in,,VgQqb,,Active,,Female,17,,
FmLoe@rqimail.laerdalblr.in,ypeCK,API,lEXHV,FmLoe@rqimail.laerdalblr.in,,pmzzz,,Active,,Male,16,,
jSctM@rqimail.laerdalblr.in,mpmUp,API,mwKnP,jSctM@rqimail.laerdalblr.in,,Yqzzq,,Active,,Female,15,,
gvXOB@rqimail.laerdalblr.in,THPWL,API,zmJOG,gvXOB@rqimail.laerdalblr.in,,pAfKo,,Active,,Female,4,,
JIKXM@rqimail.laerdalblr.in,lYgxG,API,cMUZB,JIKXM@rqimail.laerdalblr.in,,mSPjq,,Active,,Male,13,,
AvBlU@rqimail.laerdalblr.in,lBzaJ,API,xUXym,AvBlU@rqimail.laerdalblr.in,,kuVfr,,Active,,Male,5,,
tmCWd@rqimail.laerdalblr.in,nbVfA,API,UbhKj,tmCWd@rqimail.laerdalblr.in,,hVxpD,,Active,,Female,18,,
eZBTt@rqimail.laerdalblr.in,oZUmn,API,XrlWQ,eZBTt@rqimail.laerdalblr.in,,NojYz,,Active,,Female,18,,
HYnCO@rqimail.laerdalblr.in,UShfz,API,QNEXr,HYnCO@rqimail.laerdalblr.in,,BoehP,,Active,,Female,3,,
FztbD@rqimail.laerdalblr.in,dKWTX,API,bHaaz,FztbD@rqimail.laerdalblr.in,,JnkMk,,Active,,Female,5,,
wCcyO@rqimail.laerdalblr.in,TTjzK,API,tzeuk,wCcyO@rqimail.laerdalblr.in,,cqmzA,,Active,,Male,20,,
yrdGl@rqimail.laerdalblr.in,rhdHB,API,OrrKN,yrdGl@rqimail.laerdalblr.in,,ueYoH,,Active,,Female,5,,
TkzMR@rqimail.laerdalblr.in,bAMvz,API,lBhAC,TkzMR@rqimail.laerdalblr.in,,RbLVa,,Active,,Male,11,,
KZYwb@rqimail.laerdalblr.in,mJDBy,API,jpUde,KZYwb@rqimail.laerdalblr.in,,SbCLr,,Active,,Male,12,,
BLnbj@rqimail.laerdalblr.in,kHsQp,API,QAjrk,BLnbj@rqimail.laerdalblr.in,,CkfGT,,Active,,Female,18,,
vxPJG@rqimail.laerdalblr.in,OMmSa,API,yrKut,vxPJG@rqimail.laerdalblr.in,,DjawO,,Active,,Male,17,,
RysSn@rqimail.laerdalblr.in,fIbkY,API,SludE,RysSn@rqimail.laerdalblr.in,,DhXRa,,Active,,Male,3,,
nZZtE@rqimail.laerdalblr.in,jVJhA,API,bnZqM,nZZtE@rqimail.laerdalblr.in,,urOPY,,Active,,Female,7,,
jZGPs@rqimail.laerdalblr.in,QvxoL,API,RAYBa,jZGPs@rqimail.laerdalblr.in,,kTTgN,,Active,,Female,17,,
dGnbe@rqimail.laerdalblr.in,nQOfq,API,venFY,dGnbe@rqimail.laerdalblr.in,,Frjuk,,Active,,Male,5,,
